{"training_loss": 22470.358768857757, "train_reconstruction_loss": 16505.60129310345, "train_contrastive_loss": 0.0005964757797457799, "train_scaled_contrastive_loss": 5964.7577974578, "_timestamp": 1707356647.0084138, "_runtime": 2103.829027891159, "_step": 1499, "validation_loss": 12326.9130859375, "val_reconstruction_loss": 12306.9462890625, "val_contrastive_loss": 1.9967021671618568e-06, "val_scaled_contrastive_loss": 19.967021942138672, "_wandb": {"runtime": 2103}}