{"training_loss": 28406.352774784482, "train_reconstruction_loss": 28337.583512931036, "train_contrastive_loss": 6.876835900113982e-06, "train_scaled_contrastive_loss": 68.76835900113981, "_timestamp": 1707338710.4441192, "_runtime": 50.08190131187439, "_step": 29, "validation_loss": 19467.470703125, "val_reconstruction_loss": 19406.71875, "val_contrastive_loss": 6.07523452345049e-06, "val_scaled_contrastive_loss": 60.75234603881836, "_wandb": {"runtime": 49}}