{"training_loss": 0.03506624017809999, "train_reconstruction_loss": 0.026721207681914855, "train_contrastive_loss": 0.008345032913674569, "train_scaled_contrastive_loss": 0.008345032913674569, "_timestamp": 1707371355.4165218, "_runtime": 971.714757680893, "_step": 805, "validation_loss": 0.034638773649930954, "val_reconstruction_loss": 0.027868693694472313, "val_contrastive_loss": 0.006770080421119928, "val_scaled_contrastive_loss": 0.006770080421119928}