{"training_loss": 22995.980940193964, "train_reconstruction_loss": 16573.980536099138, "train_contrastive_loss": 0.0006422000491480064, "train_scaled_contrastive_loss": 6422.000491480064, "_timestamp": 1707339870.923893, "_runtime": 981.9747660160065, "_step": 605, "validation_loss": 12410.7783203125, "val_reconstruction_loss": 12375.203125, "val_contrastive_loss": 3.557511263352353e-06, "val_scaled_contrastive_loss": 35.575111389160156}