{"training_loss": 0.03271801512816857, "train_reconstruction_loss": 0.025415976692376465, "train_contrastive_loss": 0.0007302038439806422, "train_scaled_contrastive_loss": 0.0073020384398064225, "_timestamp": 1707373216.5801423, "_runtime": 1804.6902213096619, "_step": 1499, "validation_loss": 0.027169929817318916, "val_reconstruction_loss": 0.025976017117500305, "val_contrastive_loss": 0.0001193912758026272, "val_scaled_contrastive_loss": 0.0011939126998186111, "_wandb": {"runtime": 1804}}