{"autoencoder_train_loss": 0.036699829687332285, "autoencoder_train_recon_loss": 0.02683524357090736, "autoencoder_train_contra_loss": 0.009864585698935491, "autoencoder_train_scaled_contra_loss": 0.009864585698935491, "_timestamp": 1707445298.3552759, "_runtime": 975.0857338905334, "_step": 400, "classifier_val_loss": 0.0355803407728672, "classifier_val_recon_loss": 0.027995364740490913, "classifier_val_contra_loss": 0.007584975566715002, "classifier_val_scaled_contra_loss": 0.007584975566715002}