{"autoencoder_train_loss": 0.05126187693456124, "autoencoder_train_recon_loss": 0.026678517653510488, "autoencoder_train_contra_loss": 0.024583359281050748, "autoencoder_train_scaled_contra_loss": 0.024583359281050748, "_timestamp": 1707445727.1954057, "_runtime": 245.43982982635498, "_step": 91, "classifier_val_loss": 0.05360295623540878, "classifier_val_recon_loss": 0.02768932469189167, "classifier_val_contra_loss": 0.025913629680871964, "classifier_val_scaled_contra_loss": 0.025913629680871964}