{"autoencoder_train_loss": 0.03595002458013337, "autoencoder_train_recon_loss": 0.026794157279976482, "autoencoder_train_contra_loss": 0.00915586543751174, "autoencoder_train_scaled_contra_loss": 0.00915586543751174, "_timestamp": 1707451873.9469516, "_runtime": 5699.888254642487, "_step": 3299, "classifier_val_loss": 0.03545329347252846, "classifier_val_recon_loss": 0.02794998697936535, "classifier_val_contra_loss": 0.007503306958824396, "classifier_val_scaled_contra_loss": 0.007503306958824396, "classifier_train_loss": 0.03690563071647595, "classifier_val_accuracy": 0.03846153989434242, "_wandb": {"runtime": 5699}}