{"autoencoder_train_loss": 0.036050708643321334, "autoencoder_train_recon_loss": 0.02683358690861998, "autoencoder_train_contra_loss": 0.009217122184305355, "autoencoder_train_scaled_contra_loss": 0.009217122184305355, "_timestamp": 1707435335.2856069, "_runtime": 5673.54544878006, "_step": 3299, "classifier_val_loss": 0.035549938678741455, "classifier_val_recon_loss": 0.02799157053232193, "classifier_val_contra_loss": 0.0075583672150969505, "classifier_val_scaled_contra_loss": 0.0075583672150969505, "classifier_train_loss": 0.0368403441047874, "classifier_val_accuracy": 0.03846153989434242, "_wandb": {"runtime": 5673}}